ndcg@10,map@10,ndcg@20,map@20,ndcg@50,map@50,ndcg@100,map@100,stance_support@10,stance_contradict@10,stance_neutral@10,inverse_simpson@10,stance_support@20,stance_contradict@20,stance_neutral@20,inverse_simpson@20,stance_support@50,stance_contradict@50,stance_neutral@50,inverse_simpson@50,stance_support@100,stance_contradict@100,stance_neutral@100,inverse_simpson@100
0.4065844558149361,0.011323300130819438,0.3840760017487829,0.01994900285852127,0.37327069202469,0.041968535085425585,0.35553582414038815,0.07427263392817039,0.2535328931630926,0.30746980043167765,0.43899730608818377,2.8444187354875723,0.2532900055038168,0.3072480280348595,0.43946196297381784,2.843206737406206,0.25329039673855963,0.30851201744789775,0.4381975943737842,2.8459121097852305,0.2520364849491322,0.309256485802062,0.4387070359067714,2.843717547079659
