ndcg@5,map@5,ndcg@10,map@10,ndcg@20,map@20,ndcg@50,map@50,ndcg@100,map@100,stance_support@5,stance_contradict@5,stance_neutral@5,inverse_simpson@5,stance_support@10,stance_contradict@10,stance_neutral@10,inverse_simpson@10,stance_support@20,stance_contradict@20,stance_neutral@20,inverse_simpson@20,stance_support@50,stance_contradict@50,stance_neutral@50,inverse_simpson@50,stance_support@100,stance_contradict@100,stance_neutral@100,inverse_simpson@100
0.3488842643731703,0.005024165536163397,0.3612481393273901,0.010045757544468266,0.34343670575787594,0.01772392831935908,0.3348623671184542,0.03727648188441147,0.3213383113152104,0.0660416268471618,0.31849137117277904,0.339401938442914,0.3421066943204628,2.9955092751545256,0.3195442697911892,0.33892117243892744,0.34153456001911525,2.9964639283682453,0.3206898125837434,0.3388790190219879,0.3404311678319607,2.9967781974494527,0.32053204639902655,0.338770182627552,0.34069778165727294,2.997148855100025,0.32105390586942995,0.3386338488110956,0.3403122515048621,2.997073310301318
